time,theta1,theta2,theta3,theta4,theta5
0.0000,90.3777,101.6565,55.4487,267.9526,283.6008
0.0333,90.3823,101.6338,55.0356,267.9340,283.8540
0.0667,90.5310,101.5987,54.5659,268.1037,284.1795
0.1000,90.5954,101.6361,54.1676,268.3462,284.4343
0.1333,90.6580,101.5303,54.0343,268.6401,284.6764
0.1666,90.7373,101.3393,54.1227,268.7581,284.5891
0.2000,90.7409,101.0802,54.6965,269.0127,284.5629
0.2333,90.6784,100.7598,55.5442,269.0580,284.7344
0.2666,90.5609,100.2717,56.9090,268.9044,284.8138
0.3000,90.4954,99.6621,58.4959,268.9479,284.4510
0.3333,89.7571,99.2471,60.3007,268.6657,283.7741
0.3666,89.0316,98.5476,62.3912,268.4759,282.8947
0.3999,88.9512,97.7704,64.5389,268.3213,281.9606
0.4333,88.9115,97.1336,66.7904,268.2826,281.2591
0.4666,89.1598,96.1176,69.1988,268.3495,280.6164
0.4999,89.4237,95.0923,71.6139,268.6982,279.9880
0.5333,89.1835,94.2652,73.7831,268.8315,279.7524
0.5666,88.9060,93.5743,75.9071,268.7846,279.8425
0.5999,88.6198,93.0965,77.9619,268.8749,280.0703
0.6332,88.4268,92.6193,79.8929,268.8798,280.2198
0.6666,88.1902,92.2610,81.7107,268.9281,280.3489
0.6999,88.0368,91.9378,83.3911,268.9326,280.6091
0.7332,87.8688,91.7078,84.8484,268.8261,280.9406
0.7666,87.6505,91.5287,86.1189,268.7810,281.1575
0.7999,87.4559,91.4013,87.2938,269.0780,281.4883
0.8332,87.2625,91.4938,88.1547,269.2366,282.2062
0.8665,87.1056,91.6375,88.8642,269.2601,283.0004
0.8999,86.9750,91.7429,89.4929,269.3235,283.9260
0.9332,86.8142,91.9036,90.0112,269.4846,284.9907
0.9665,86.8153,92.0251,90.4630,269.6657,285.8580
0.9999,87.1538,92.0637,90.9617,270.1593,286.8035
1.0332,87.4213,92.0708,91.4051,270.6021,287.4333
1.0665,87.6602,92.0426,91.7884,271.0391,288.1014
1.0999,87.9284,91.9743,92.0981,271.3871,288.6135
1.1332,88.0899,91.8945,92.3360,271.6404,288.8763
1.1665,88.1521,91.8464,92.4685,271.7760,289.0126
1.1998,88.2058,91.7877,92.5294,271.9835,288.9205
1.2332,88.2866,91.6773,92.5833,272.3205,288.6269
1.2665,88.3071,91.5822,92.6255,272.5872,288.2102
1.2998,88.3132,91.5112,92.6622,272.8334,287.8792
1.3332,88.3013,91.4578,92.6689,273.0450,287.5423
1.3665,88.2930,91.3557,92.7075,273.2389,287.2439
1.3998,88.0575,91.1318,92.5618,273.3875,286.7589
1.4331,87.8354,90.9572,92.4255,273.5432,286.3454
1.4665,87.6279,90.8061,92.3098,273.6928,286.0171
1.4998,87.4761,90.6920,92.2243,273.8180,285.7746
1.5331,87.3274,90.5718,92.1587,273.9476,285.6152
1.5665,87.1291,90.5048,92.1323,274.1049,285.4583
1.5998,86.9638,90.4500,92.1288,274.3471,285.4261
1.6331,86.8903,90.4000,92.1402,274.5836,285.4378
1.6664,86.8151,90.3657,92.1530,274.8404,285.4980
1.6998,86.6804,90.3344,92.1683,275.0413,285.4925
1.7331,86.5953,90.2491,92.1925,275.2173,285.4589
1.7664,86.6126,90.0701,92.2248,275.3742,285.4236
1.7998,86.5848,89.9418,92.2441,275.5458,285.5366
1.8331,86.5692,89.8584,92.2543,275.7321,285.5925
1.8664,86.5321,89.8411,92.2596,275.9269,285.6650
1.8997,86.4748,89.8257,92.2729,276.0322,285.7708
1.9331,86.4080,89.7691,92.3365,276.0791,285.9453
1.9664,86.3885,89.7144,92.4517,276.0688,286.2404
1.9997,86.3823,89.6969,92.5485,275.9634,286.4442
2.0331,86.3343,89.6476,92.6901,275.8297,286.6552
2.0664,86.3683,89.6032,92.8355,275.6039,286.8891
2.0997,86.3232,89.5339,93.0137,275.3114,287.1701
2.1330,86.2528,89.4456,93.2437,274.9202,287.3270
2.1664,86.1966,89.4194,93.4343,274.5667,287.4688
2.1997,86.0945,89.4464,93.6198,274.2880,287.5776
2.2330,86.0417,89.4349,93.8664,274.3165,287.6611
2.2664,86.0127,89.3864,94.1998,274.4622,287.6423
2.2997,85.9569,89.3535,94.5408,274.6516,287.6132
2.3330,85.9593,89.3147,94.8892,274.8645,287.6724
2.3663,86.0298,89.3534,95.0964,274.8880,287.7420
2.3997,86.0542,89.3845,95.2661,274.8602,287.7647
2.4330,86.0231,89.4070,95.3565,274.8040,287.8608
2.4663,85.9101,89.4134,95.3688,274.6268,287.9730
2.4997,85.8296,89.3601,95.3389,274.4510,287.9641
2.5330,85.8125,89.2865,95.2017,274.1454,288.1529
2.5663,85.8230,89.1393,95.0614,274.0798,288.2233
2.5996,85.7959,89.0921,94.8697,273.9962,288.1156
2.6330,85.8860,89.0141,94.6624,274.0246,288.0977
2.6663,85.9854,88.9335,94.4237,273.9694,288.0009
2.6996,86.2191,88.6935,94.1151,273.9487,287.8241
2.7330,86.4653,88.4834,93.5993,273.6190,287.5829
2.7663,86.6071,88.3846,92.8529,273.2429,287.1072
2.7996,86.8145,88.2945,92.0284,272.7908,286.3526
2.8329,87.1766,88.0695,91.2222,272.4614,285.5235
2.8663,87.4969,87.9157,90.4110,272.0627,284.8228
2.8996,87.7584,87.7534,89.4466,271.3011,284.3501
2.9329,87.9416,87.7037,88.4464,270.5540,283.8695
2.9663,88.0574,87.7525,87.4531,269.8166,283.4254
2.9996,88.2317,87.8402,86.4635,269.1589,283.0902
3.0329,88.3309,87.9878,85.4914,268.4906,282.8188
3.0663,88.4645,88.0680,84.5731,267.8600,282.5493
3.0996,87.9515,88.7965,83.2967,266.8866,282.1249
3.1329,87.4167,89.3854,82.0605,266.0361,281.6670
3.1662,86.9479,90.1043,80.7255,265.2328,281.1978
3.1996,86.6310,90.7027,79.3954,264.5980,280.5579
3.2329,86.3286,91.1778,78.1140,264.1975,280.0153
3.2662,86.5614,91.0953,77.0375,264.1690,279.9117
3.2996,86.6429,92.1368,75.1654,263.8647,280.2461
3.3329,86.7611,93.0076,73.1840,264.2915,280.5352
3.3662,87.2795,93.6898,70.7795,264.7518,279.9337
3.3995,87.7116,94.5373,67.9400,265.6538,280.1447
3.4329,87.5217,95.7524,65.0145,266.4398,280.5177
3.4662,87.3311,97.0573,62.1707,267.4456,281.1747
3.4995,87.6040,98.1738,58.5874,268.1003,282.3763
3.5329,87.6149,99.4322,55.3433,268.5568,283.8104
3.5662,87.4911,100.7940,52.0256,269.1061,285.0701
3.5995,86.6553,102.2661,48.2045,269.6075,286.3511
3.6328,86.1703,104.1019,45.1396,270.7853,287.4620
3.6662,85.6607,106.0350,41.9762,271.7336,289.0225
3.6995,85.3417,107.8055,38.8413,272.5671,290.8792
3.7328,85.0144,109.4589,35.7150,273.6938,292.6555
3.7662,84.4091,111.2463,32.5978,274.4808,294.3682
3.7995,83.7715,113.1080,29.6636,275.3310,295.8782
3.8328,83.1010,115.2697,27.2890,276.4114,297.0758
3.8661,82.4192,117.5262,25.1881,277.3076,298.0104
3.8995,81.5383,119.6284,23.1698,277.9818,299.1019
3.9328,81.2506,121.4151,22.0093,278.7375,299.8300
3.9661,80.7108,123.2562,20.4940,279.4742,300.9373
3.9995,80.2235,124.6517,19.0013,279.9633,301.9451
4.0328,79.7590,126.0709,17.5540,280.4616,302.8720
4.0661,79.2847,127.3652,16.3262,280.7570,303.7100
4.0994,78.4100,128.8874,14.4990,280.9398,304.4852
4.1328,77.7250,130.0458,12.9319,281.2488,304.9054
4.1661,77.1008,131.1467,11.6194,281.7498,305.3386
4.1994,76.4829,132.2341,10.4711,282.2749,305.7007
4.2328,75.9994,133.2159,9.4871,282.7969,306.1556
4.2661,75.6889,134.0278,8.6750,283.2965,306.5205
4.2994,75.4819,134.7501,8.1638,283.7205,306.8719
4.3327,75.2820,135.6909,7.7051,284.2239,307.4286
4.3661,75.1633,136.5320,7.4280,284.7806,308.0744
4.3994,75.0316,137.2779,7.1428,285.2893,308.7705
4.4327,74.9284,137.9987,7.0457,285.5533,309.2730
4.4661,74.8552,138.7593,7.2835,285.6663,309.6385
4.4994,74.7856,139.5605,7.2958,285.8846,310.9040
4.5327,74.7768,140.3368,7.3938,285.9319,312.9732
4.5660,74.8532,140.8643,7.5276,285.6639,314.8845
4.5994,74.9841,141.3078,7.6599,285.2701,316.4270
4.6327,74.9314,141.4574,7.6247,284.3394,317.7850
4.6660,74.6978,141.6874,7.5556,283.2117,319.6926
4.6994,74.4940,141.8421,7.3125,281.6231,321.2240
4.7327,74.4203,141.9953,7.0578,280.0997,323.1862
4.7660,74.3432,141.9596,6.5225,278.1781,325.2822
4.7994,74.3928,141.9827,5.7826,276.1800,326.8485
4.8327,74.4161,142.0432,5.1858,274.0408,327.6068
4.8660,74.2620,142.2609,4.7560,271.9961,328.4756
4.8993,74.1876,142.5537,4.3893,270.3169,328.7114
4.9327,73.9308,142.9314,4.1019,268.4928,328.8138
4.9660,73.6218,143.3208,3.8157,266.7258,329.0053
4.9993,73.2451,143.8522,3.6210,264.7906,328.7821
5.0327,72.8515,144.3786,3.4827,262.9521,328.1896
5.0660,72.5535,144.9103,3.3737,261.1973,327.0207
5.0993,72.2898,145.7566,3.4330,259.4715,325.2440
5.1326,71.9988,146.4662,3.4827,258.1133,322.7313
5.1660,71.9251,146.7080,3.3238,257.3623,320.8328
5.1993,71.8232,146.9100,3.2080,257.2220,318.9633
5.2326,71.7117,147.1061,3.1002,257.8018,317.5710
5.2660,71.5527,147.3757,3.0145,258.9099,316.0298
5.2993,71.2498,147.7688,3.1138,260.4062,313.9847
5.3326,70.8527,148.6310,3.4185,262.1142,312.3792
5.3659,70.4562,149.5825,3.9095,264.0662,311.3213
5.3993,70.1720,150.1737,4.4072,265.9879,310.4075
5.4326,69.9103,150.5632,4.9339,268.1143,309.8882
5.4659,69.5644,151.0556,5.5576,270.0107,309.5767
5.4993,69.1516,151.5852,6.2437,271.7661,309.2820
5.5326,68.8345,152.1039,6.9232,273.4442,308.9856
5.5659,68.5384,152.6479,7.6511,274.9848,308.7226
5.5992,68.3088,153.1654,8.0777,276.6050,309.1297
5.6326,68.2200,153.6120,8.5210,278.0483,309.5840
5.6659,68.1156,154.0903,9.0637,279.2787,309.5895
5.6992,67.9970,154.6667,9.6110,280.2794,309.5092
5.7326,67.8157,155.2871,10.0565,281.1352,309.7071
5.7659,67.5193,155.9397,10.5209,281.7434,309.7001
5.7992,67.3031,156.4671,10.9415,281.9485,309.6922
5.8325,67.2240,156.9491,11.3100,281.9669,310.1161
5.8659,67.1169,157.0026,11.5716,281.5901,310.3230
5.8992,66.9050,156.7599,11.6196,281.0963,310.4272
5.9325,66.7448,156.7344,11.7113,280.3304,310.2977
5.9659,66.5683,156.7081,11.7531,279.6135,310.0463
5.9992,66.3716,156.7031,11.9207,278.8664,309.6646
6.0325,66.0566,156.9383,12.2424,278.2292,308.8737
6.0658,66.2487,156.9316,12.6418,277.2287,308.8263
6.0992,66.4428,156.9260,13.0425,276.4885,308.9460
6.1325,66.3059,157.3060,13.1783,276.2846,308.7307
6.1658,66.4692,157.8903,13.7548,275.6930,309.1386
6.1992,66.6872,158.5387,14.4048,275.2296,309.1036
6.2325,66.7782,158.9418,14.7836,274.6760,308.9844
6.2658,66.8800,159.3685,15.1582,274.2388,308.6105
6.2991,66.9110,159.9908,15.6100,273.8666,308.3659
6.3325,67.0731,160.7213,16.1400,273.6686,308.4604
6.3658,67.0410,161.8006,16.7500,273.5539,309.1195
6.3991,66.8541,162.6205,17.1156,273.6301,310.2769
6.4325,66.7455,163.2062,17.4696,273.9506,311.5909
6.4658,66.5894,163.9795,17.8123,274.3695,313.3680
6.4991,66.6284,164.7658,18.4453,274.7478,314.7088
6.5324,66.7709,165.3185,19.0148,275.2559,316.0612
6.5658,66.8856,165.5159,18.9717,275.8568,317.3926
6.5991,67.2313,165.4573,18.7379,276.3182,318.8983
6.6324,67.4984,164.9833,18.3754,276.5742,319.9555
6.6658,68.2972,164.4590,18.9265,276.6769,320.9252
6.6991,68.8567,163.2643,18.1723,276.6214,322.5078
6.7324,70.0269,161.7094,18.5059,275.8896,323.9217
6.7658,71.1869,160.1717,19.4028,275.1661,326.0117
6.7991,72.1537,158.2293,20.0042,274.5066,328.3681
6.8324,72.7542,156.0253,20.9497,273.5440,330.1676
6.8657,73.6234,153.2555,21.6825,272.6511,330.9753
6.8991,74.5287,150.3192,22.7680,271.4981,331.4647
6.9324,75.3144,147.1741,23.9959,270.2808,332.7979
6.9657,76.1159,144.6903,25.9500,269.1453,333.3021
6.9991,76.6667,142.1961,27.9808,268.1251,333.5116
7.0324,77.2648,140.0493,30.3582,267.4276,333.6980
7.0657,77.8313,137.9186,33.6424,266.5961,334.3117
7.0990,78.2992,135.2212,36.8543,266.2996,334.8590
7.1324,79.0324,132.0207,40.4164,266.8571,337.0419
7.1657,79.8157,129.5163,43.9005,267.5308,337.7763
7.1990,80.4202,126.9391,47.6793,267.8262,338.9760
7.2324,81.1666,124.1415,51.5472,267.9214,340.8425
7.2657,81.8690,121.4995,55.2130,268.0627,342.5625
7.2990,82.2045,119.0383,58.7801,268.5677,344.1617
7.3323,82.4531,116.6152,62.2136,269.0189,345.8208
7.3657,82.6092,114.4669,65.4245,269.6393,347.8204
7.3990,82.7127,112.6334,68.4143,270.6461,349.3026
7.4323,83.2062,111.0476,71.3990,272.3488,351.0286
7.4657,83.7008,109.3524,74.2630,274.5047,352.6183
7.4990,84.0853,107.9126,76.8019,276.8365,355.0444
7.5323,84.5932,106.1642,79.2603,278.8543,357.8459
7.5656,84.9823,104.4333,81.5270,280.7817,0.4210
7.5990,85.3085,102.7241,83.7192,282.6533,2.6399
7.6323,85.5917,101.2142,85.7410,284.4730,4.9806
7.6656,85.6473,99.9838,87.6183,285.9130,6.8369
7.6990,85.6841,98.7679,89.4505,286.9394,9.0621
7.7323,85.7301,97.7023,91.1872,287.8778,11.4550
7.7656,85.8550,96.7572,92.8026,288.8411,13.9355
7.7989,85.9784,95.9187,94.3436,289.4668,15.9961
7.8323,85.9988,95.2068,95.7806,290.0166,17.7002
7.8656,85.9533,94.6139,97.1511,290.4852,18.8313
7.8989,85.9338,94.0777,98.4237,291.0353,19.7856
7.9323,85.9428,93.5293,99.5854,291.5541,20.5671
7.9656,85.9075,93.1123,100.5318,292.0480,21.3453
7.9989,85.8814,92.7827,101.3414,292.6496,22.1149
8.0322,85.8774,92.4301,101.9848,293.2240,22.5245
8.0656,85.8619,92.0873,102.4970,293.7393,22.9773
8.0989,85.8337,91.8052,102.9018,294.2254,23.2859
8.1322,85.7918,91.5058,103.2292,294.8183,23.6002
8.1656,85.7561,91.2758,103.4871,295.3346,23.6031
8.1989,85.7787,91.0858,103.7069,295.8552,23.6137
8.2322,85.6777,91.0006,103.8389,296.3735,23.5757
8.2655,85.6408,90.8653,103.9824,296.9821,23.7318
8.2989,85.5743,90.7982,104.0329,297.6001,24.1811
8.3322,84.9209,90.8206,104.0851,298.0600,25.2075
8.3655,84.3690,90.8472,104.0999,298.7609,26.5770
8.3989,83.9306,90.8151,104.1511,299.8448,28.0477
8.4322,83.9482,90.4578,104.4282,301.3503,29.3158
8.4655,83.8703,90.2692,104.6562,302.9198,29.9548
8.4988,83.7696,90.1374,104.8489,304.5367,30.4316
8.5322,83.7222,89.9484,105.0145,306.2491,30.9439
8.5655,83.2652,90.0835,104.9965,307.9042,30.8120
8.5988,83.1701,89.8763,105.1064,309.9172,30.8155
8.6322,82.6794,89.9755,105.1083,311.8164,30.5985
8.6655,82.2987,90.0966,105.1003,313.8132,30.1879
8.6988,81.8659,90.1787,105.1310,315.6923,29.8065
8.7322,81.4927,90.2788,105.2040,317.3224,29.3098
8.7655,81.1685,90.3667,105.2204,319.1193,29.0247
8.7988,80.8852,90.3721,105.3269,320.6596,28.9640
8.8321,80.7065,90.3327,105.4135,322.0813,29.1892
8.8655,80.6192,90.2928,105.4109,323.6913,29.8605
8.8988,80.6438,90.2088,105.3878,325.4391,30.6952
8.9321,80.6425,90.1263,105.3327,327.3079,31.5972
8.9655,80.6920,90.0082,105.2354,329.2761,32.7888
8.9988,80.7268,89.8787,105.1376,330.9891,34.3996
9.0321,80.8634,89.7983,105.0385,332.2844,36.1741
9.0654,81.0500,89.7480,104.9086,333.8111,37.9300
9.0988,81.1825,89.6156,104.7986,335.3474,40.0081
9.1321,81.3934,89.5254,104.6967,336.7900,41.9143
9.1654,81.5713,89.4085,104.5006,338.3383,43.5696
9.1988,81.6273,89.2138,104.2465,339.9490,45.6170
9.2321,81.7628,88.9948,104.1918,341.5990,47.4817
9.2654,81.9136,89.4927,104.4288,342.7399,49.3533
9.2987,81.9044,89.0219,104.3739,344.4096,51.3771
9.3321,81.9558,88.9377,104.3600,346.0229,52.7975
9.3654,82.3368,88.9047,104.3458,347.8513,54.7257
9.3987,82.7210,88.7342,104.3560,349.7343,56.6158
9.4321,82.9956,88.6122,104.3914,351.4523,58.0504
9.4654,83.4078,88.4745,104.4077,353.0935,59.4254
9.4987,83.7848,88.2902,104.3157,354.7387,61.4371
9.5320,83.8149,88.2258,104.0884,356.8243,63.2868
9.5654,83.8129,88.1679,103.9682,359.0214,64.5525
9.5987,83.9644,87.9971,103.9516,0.6462,65.2066
9.6320,84.1932,87.7946,104.0030,2.2500,66.0334
9.6654,84.2056,87.6094,103.9751,3.9510,67.2504
9.6987,84.2206,87.7657,103.8665,5.7683,67.2444
9.7320,84.1624,87.9310,103.8015,7.3595,67.1909
9.7653,84.0598,88.1369,103.7339,8.5345,67.2323
9.7987,84.1520,88.2648,103.7508,9.3694,67.2243
9.8320,84.1708,88.2975,103.7431,10.3587,67.7391
9.8653,84.0840,88.3175,103.6809,11.1729,68.6174
9.8987,84.0669,88.1524,103.4982,12.4752,70.3506
9.9320,84.0328,87.9358,103.2334,13.9863,72.5279
9.9653,84.0811,87.7104,103.0666,15.2785,74.5463
9.9986,83.9735,87.4395,102.7625,17.2427,76.8798
10.0320,83.9252,87.2091,102.5164,18.8947,78.7886
10.0653,83.8253,86.9714,102.2917,20.5241,80.6836
10.0986,83.5712,86.7505,102.0301,22.4821,82.1232
10.1320,83.0926,86.4573,101.6984,24.7724,83.9301
10.1653,82.5949,86.1384,101.3937,27.0546,85.0705
10.1986,82.2145,85.7769,101.1306,29.2587,86.6167
10.2319,81.8993,85.0532,100.9882,31.3953,89.6411
10.2653,81.5124,84.4914,100.8366,33.4024,91.9064
10.2986,81.1044,85.2129,100.8500,34.1382,92.1116
10.3319,80.8821,84.9592,100.6066,35.6484,92.9812
10.3653,80.6904,84.7430,100.3271,37.2235,93.4323
10.3986,80.3184,85.4101,100.3375,37.7477,93.5459
10.4319,79.9979,85.9899,100.3174,38.4835,93.2818
10.4652,79.7194,86.4715,100.2921,39.2318,92.5973
10.4986,79.5050,86.8644,100.2854,40.0376,92.0344
10.5319,79.2877,87.1528,100.2700,40.8509,91.4929
10.5652,79.2337,87.5435,99.9372,41.7765,89.4862
10.5986,79.1627,87.9401,99.6349,42.5281,88.7707
10.6319,79.0577,88.2641,99.3917,43.1640,87.5606
10.6652,78.9187,88.5567,99.1396,43.7113,85.9862
10.6986,78.5949,88.6219,98.9715,44.2474,84.1394
10.7319,78.2885,88.6402,98.7784,44.6360,82.4866
10.7652,77.8738,88.7022,98.5103,45.1344,80.9546
10.7985,77.4923,88.7100,98.2111,45.8098,80.1746
10.8319,77.2742,88.7392,97.9558,46.3612,79.0904
10.8652,77.0612,88.7550,97.7159,46.8070,78.4789
10.8985,76.9082,88.7363,97.4888,47.1074,77.7066
10.9319,76.6822,88.7204,97.2310,47.4946,77.0797
10.9652,76.9316,87.9030,97.0059,47.7357,79.7195
10.9985,77.1764,87.3206,96.6907,48.0550,81.3515
11.0318,77.4014,86.9481,96.2920,48.4535,82.6097
11.0652,77.6360,86.5021,95.8445,48.6837,83.5386
11.0985,77.8428,86.1631,95.4070,48.5644,84.0898
11.1318,78.0797,85.9100,94.9238,48.4859,85.3773
11.1652,78.2647,85.9532,94.3922,48.2261,84.9126
11.1985,78.3642,85.8997,93.9879,47.7262,84.9821
11.2318,78.1597,86.2478,93.6758,47.2366,83.6986
11.2651,78.0364,86.5491,93.2697,47.0206,83.7822
11.2985,78.2614,86.7246,92.8663,46.2012,82.1439
11.3318,78.3067,86.7842,92.6037,45.4062,80.2939
11.3651,78.2740,86.7991,92.3334,44.9480,78.6276
11.3985,78.2054,86.8080,92.1610,44.8484,76.9476
11.4318,78.1726,86.8191,92.0104,44.6614,74.7882
11.4651,78.1324,86.8436,91.7949,44.1630,72.9529
11.4984,77.9337,86.2531,91.7328,44.4047,73.4474
11.5318,77.7539,85.8252,91.6311,44.3463,73.5410
11.5651,77.5520,85.4608,91.4922,44.0423,73.3408
11.5984,77.6939,85.2237,91.4021,43.4439,72.9167
11.6318,77.6041,85.1847,91.1049,42.3376,71.7183
11.6651,77.6921,85.0788,90.8985,41.4019,70.5001
11.6984,77.8959,85.1250,90.6751,40.4760,69.4754
11.7317,78.1110,85.2874,90.3511,39.5661,68.5091
11.7651,78.3306,85.3938,90.0696,38.8563,67.8046
11.7984,78.4796,85.4905,89.6969,38.5972,66.9597
11.8317,78.6938,85.6262,89.3181,38.4933,66.1417
11.8651,79.2158,85.7596,89.0215,38.7396,65.2651
11.8984,79.3288,85.8987,88.6965,38.9830,64.9443
11.9317,79.4303,86.1540,88.3293,39.3787,64.2476
11.9650,79.4261,86.4136,87.8902,39.8091,63.5303
11.9984,79.5560,86.5850,87.5566,39.9118,62.6123
12.0317,79.6329,86.7240,87.2798,40.3268,61.7971
12.0650,79.7860,86.7759,87.0238,40.3895,61.1931
12.0984,79.8332,86.6609,86.8459,40.1525,60.6039
12.1317,79.6792,86.4709,86.6628,39.9776,60.1882
12.1650,79.4446,86.3524,86.4149,40.1473,59.7076
12.1983,79.2621,86.1568,86.2070,39.7786,59.4600
12.2317,79.2988,85.9686,86.1773,39.8163,59.0605
12.2650,79.0769,85.7965,85.9965,39.7302,59.0410
12.2983,79.0782,85.7222,85.9422,39.7655,58.8140
12.3317,79.0953,85.6802,85.8955,40.2643,58.6985
12.3650,79.1279,85.7673,85.9659,40.8476,58.8380
12.3983,79.0825,85.8676,85.9962,41.4155,58.8843
12.4317,79.1328,85.7913,86.0837,42.5668,59.1249
12.4650,79.0894,85.8142,86.0985,43.0844,59.1480
12.4983,79.0320,85.9769,86.1268,42.7127,59.0699
12.5316,78.9794,86.0804,86.2274,42.3619,59.2217
12.5650,78.7776,86.1939,86.2765,42.1262,59.4731
12.5983,78.6084,86.3251,86.3593,42.3168,59.4544
12.6316,78.3363,86.5255,86.3917,42.1155,59.5932
12.6650,78.4362,86.4145,86.7084,44.5783,60.6114
12.6983,78.0510,86.7573,86.6601,43.8378,60.7596
12.7316,77.5693,87.1710,86.8948,43.9606,61.0204
12.7649,77.1684,87.5668,87.1529,43.4674,61.2489
12.7983,77.3750,87.3527,87.5172,36.4531,61.5151
12.8316,77.3742,87.1742,87.8352,29.7244,61.6655
12.8649,77.2407,86.9547,88.0645,23.1892,62.4984
12.8983,77.1900,86.7009,88.2312,22.3308,63.4287
12.9316,77.1580,86.5966,88.4298,17.2805,62.0515
12.9649,77.0969,86.4958,88.5495,13.8675,61.4178
12.9982,77.1124,86.4679,88.6379,8.0595,60.4096
13.0316,77.1857,86.4532,88.8044,4.8499,59.4693
13.0649,77.2500,86.3621,88.9459,1.6319,58.3182
13.0982,77.3720,86.3396,89.0453,0.3839,57.6554
13.1316,77.4087,86.4377,89.1610,357.0395,56.4236
13.1649,77.4693,86.5386,89.3114,354.2682,55.1727
13.1982,77.5086,86.6271,89.4927,348.5948,52.0795
13.2315,77.5021,86.7006,89.6896,344.6416,50.5902
13.2649,77.6511,86.8325,89.9243,340.3217,48.8008
13.2982,77.8138,87.0121,90.2672,334.7670,44.8448
13.3315,77.7682,87.5302,90.4838,332.2205,40.6458
13.3649,77.8262,88.0321,90.7299,332.2524,38.9692
13.3982,77.7481,88.4455,90.8537,334.0637,38.5767
13.4315,77.7771,88.6232,90.6938,343.7744,38.8193
13.4648,77.5441,88.8301,90.5721,351.7827,39.3312
13.4982,77.3330,88.9004,90.4940,357.7075,41.0913
13.5315,77.2973,89.0570,90.5172,1.1531,41.8687
13.5648,77.0526,89.0968,90.4360,2.8813,42.3340
13.5982,77.3361,89.0137,90.6809,1.7255,41.0760
13.6315,77.8880,89.0608,91.1122,359.1590,38.1854
13.6648,78.3596,89.2030,91.4687,356.1744,35.5948
13.6981,78.9124,89.3753,92.1074,349.7705,31.0437
13.7315,79.2770,89.6342,92.6858,342.5342,25.9417
13.7648,80.0648,89.7152,93.3686,334.9452,18.8586
13.7981,80.1123,89.8190,93.8163,327.4066,9.6802
13.8315,80.3563,89.8890,94.1011,320.5711,359.5082
13.8648,80.7073,89.8828,94.3961,314.3072,349.8950
13.8981,81.0654,89.6219,94.6948,308.7111,339.7448
13.9314,81.2274,89.4468,94.9891,303.5653,330.5063
13.9648,81.4612,89.3142,95.2570,298.4431,322.2070
13.9981,81.8108,89.1504,95.6836,293.8180,315.0649
14.0314,82.1555,89.0176,96.0590,289.3715,308.9964
14.0648,82.5390,88.9391,96.3445,285.3451,303.7323
14.0981,82.9045,88.7969,96.6410,281.8384,299.1313
14.1314,83.2192,88.6749,96.8921,278.8211,295.1349
14.1647,83.5247,88.5699,97.1080,276.3189,291.6258
14.1981,83.8117,88.4603,97.2896,274.2976,288.4951
14.2314,84.0770,88.4104,97.4707,272.8408,286.0988
14.2647,84.2684,88.3576,97.6563,271.6247,284.3044
14.2981,84.4452,88.2913,97.8626,270.7051,283.1320
14.3314,84.5652,88.2449,98.0888,270.0549,282.3075
14.3647,84.6132,88.2282,98.2872,269.6275,281.8239
14.3981,84.6750,88.2407,98.4760,269.4455,281.4453
14.4314,84.6981,88.2538,98.6792,269.4218,281.3092
14.4647,84.6999,88.3508,98.5308,268.5369,281.2260
14.4980,84.6850,88.5035,98.3715,268.0042,281.1052
14.5314,84.6346,88.6162,98.2626,267.4967,281.0679
14.5647,84.6801,88.7085,98.1478,267.1210,281.1026
14.5980,84.6457,88.7522,98.0663,266.8501,281.1627
14.6314,84.5519,88.7758,98.0138,266.7691,281.2677
14.6647,84.4209,88.8566,97.9733,266.7933,281.5616
14.6980,84.2880,88.9073,97.9471,267.2113,282.0868
14.7313,84.2068,89.0625,98.0265,268.3187,282.8869
14.7647,84.1151,89.1549,98.0657,269.6087,284.0732
14.7980,83.4199,89.4432,97.8845,270.9820,285.5974
14.8313,82.6509,89.8256,97.6503,272.5402,287.9525
14.8647,82.8252,89.8480,97.7285,275.0738,291.9448
14.8980,83.2088,89.8651,97.7979,277.9750,297.6801
14.9313,83.1966,89.8252,97.6959,281.3240,304.4380
14.9646,83.2245,89.7338,97.6271,285.6266,311.9922
14.9980,83.4190,89.5163,97.5372,291.2712,319.7521
15.0313,83.6172,89.3245,97.3461,297.6470,327.7054
15.0646,83.3183,89.2789,96.9487,304.4817,335.7096
15.0980,82.8616,89.1563,96.3449,312.2779,343.6554
15.1313,82.2001,89.2856,95.6226,320.2453,351.7963
15.1646,81.5155,89.3161,94.9714,328.3576,359.7817
15.1979,80.7548,89.3578,94.2237,336.6407,8.5304
15.2313,80.0917,89.3553,93.5290,344.4982,16.2022
15.2646,79.7255,89.6577,92.6694,352.0905,21.0949
15.2979,79.4734,89.8428,91.8356,359.3209,24.6264
15.3313,78.7569,89.5226,91.2745,6.5157,28.6226
15.3646,78.0720,89.8400,90.8629,12.1509,30.0333
15.3979,77.5123,90.1800,90.3997,17.3019,30.5845
15.4312,76.9769,90.4941,89.9823,21.6783,31.3820
15.4646,76.6050,90.1931,89.4882,25.9906,34.2144
15.4979,76.2043,90.3865,89.1048,29.1162,34.4408
15.5312,75.8385,90.5645,88.7299,31.7322,34.8593
15.5646,75.8291,90.3503,88.2658,34.2884,37.3026
15.5979,76.1127,90.1773,87.8782,36.3930,39.1756
15.6312,76.1099,90.3572,87.6233,37.5434,39.2668
15.6645,76.3573,90.1420,87.3732,39.2465,41.3266
15.6979,76.4445,90.3508,87.2690,40.0505,40.7528
15.7312,76.4828,90.5752,87.2312,40.6328,40.3817
15.7645,76.3946,90.4231,87.3806,42.7381,43.0773
15.7979,76.2517,90.2540,87.6136,44.7283,44.6610
15.8312,76.9741,89.7943,87.9816,33.8836,40.7872
15.8645,76.6564,89.7758,88.2273,37.0271,42.1337
15.8978,76.3863,89.8292,88.4695,39.8312,43.7436
15.9312,75.7299,89.9561,88.5801,42.8033,43.8632
15.9645,75.0926,90.1510,88.6314,45.6413,43.0761
15.9978,74.7116,90.2446,88.8128,47.9204,42.4521
16.0312,74.7348,90.3093,88.9926,49.2872,44.8008
16.0645,75.1783,90.4454,89.2786,49.4474,46.7087
16.0978,75.5266,90.5976,89.5805,49.8049,48.4795
16.1311,75.9521,90.8033,90.0310,49.7766,50.9831
16.1645,76.4826,90.7483,90.5237,49.6537,54.2349
16.1978,76.9996,90.7122,90.8924,49.9452,57.2492
16.2311,77.4023,90.7932,91.2469,50.4674,58.4461
16.2645,77.8316,90.7499,91.7286,51.0813,60.1897
16.2978,78.3933,90.4457,91.9774,51.1982,63.5105
16.3311,79.0817,90.3304,92.1855,50.7580,65.0483
16.3645,79.5492,90.1952,92.4206,50.5122,66.5824
16.3978,79.9682,90.1681,92.6405,50.4969,66.7682
16.4311,80.2234,90.2469,92.7833,50.8624,67.3389
16.4644,82.3278,88.7402,92.6788,41.7504,66.3698
16.4978,83.9816,87.3106,92.5650,35.5042,66.2424
16.5311,85.3490,86.0168,92.3890,31.0890,66.6849
16.5644,86.4737,84.9798,92.2885,27.5457,66.6994
16.5978,87.3921,84.0651,92.1289,25.6392,66.7466
16.6311,88.1987,83.3068,91.8181,24.9556,66.8056
16.6644,87.8043,83.9748,92.4051,30.5073,65.1847
16.6977,87.5377,84.6030,92.9259,35.0309,64.2971
16.7311,88.2745,83.8214,92.6628,32.3270,64.6395
16.7644,88.9101,83.1228,92.4229,29.8932,65.0621
16.7977,88.0893,83.8423,92.6585,33.2695,65.3644
16.8311,88.6514,83.2398,92.1971,30.9831,65.7351
16.8644,87.9374,83.8948,92.3473,33.9200,65.6629
16.8977,87.2829,84.4865,92.4719,36.0023,65.1461
16.9310,86.6539,85.0357,92.5169,37.5181,64.6139
16.9644,86.0302,85.4667,92.5476,39.1732,64.0417
16.9977,85.5453,85.8925,92.5607,40.5210,63.4154
17.0310,85.1491,86.3067,92.5381,41.6719,63.4490
17.0644,84.7311,86.6746,92.5463,42.3667,62.9999
17.0977,84.2947,87.0171,92.3500,42.8426,62.0355
17.1310,83.7825,87.2903,92.0837,43.2463,61.3654
17.1643,83.2165,87.3893,91.4983,42.7245,60.6961
17.1977,82.5206,87.7933,90.8694,41.9084,59.9975
17.2310,81.9632,88.1952,90.3152,41.1747,59.0122
17.2643,81.7062,88.5363,89.8499,40.6488,58.2722
17.2977,81.4151,88.5726,89.5172,40.5580,57.7913
17.3310,81.2745,88.9397,89.2615,40.7240,57.0173
17.3643,81.2608,89.3511,89.0888,40.8382,56.2854
17.3976,81.0811,89.7995,88.8486,41.1530,55.6859
17.4310,80.8617,90.1889,88.7192,41.8547,55.3427
17.4643,80.7271,90.6532,88.7097,42.2554,55.8269
17.4976,80.5769,91.0223,88.7492,42.6030,56.1815
17.5310,80.3666,91.3284,88.7495,42.4399,56.4832
17.5643,80.3097,91.6285,88.7349,41.8591,56.7381
17.5976,80.2721,91.8720,88.6979,41.6231,57.3799
17.6309,80.1534,91.8882,88.6897,41.1994,58.0951
17.6643,80.0584,91.9254,88.7620,40.5622,59.1039
17.6976,79.9878,92.0010,88.8580,40.1368,60.0291
17.7309,79.9547,92.0947,89.0183,39.6154,60.6493
17.7643,80.0534,92.0564,89.2913,39.8645,61.6208
17.7976,80.1112,92.1005,89.6097,39.9850,62.3600
17.8309,80.2679,92.1602,90.0654,40.5609,63.1412
17.8642,80.3570,92.1162,90.5583,41.6318,64.1987
17.8976,80.3867,92.0056,91.1077,42.1962,64.5043
17.9309,80.4433,91.8469,91.5695,42.7586,64.3585
17.9642,80.4202,91.7073,91.9165,43.2342,64.2561
17.9976,80.3961,91.5965,92.2002,43.4917,64.2085
18.0309,80.3755,91.3701,92.4603,43.5520,64.3135
18.0642,80.4420,91.2861,92.6356,43.5723,64.5452
18.0975,80.6911,91.1657,92.8211,43.5070,64.7710
18.1309,80.7386,91.1271,92.9836,43.3353,64.9662
18.1642,80.6526,91.0652,93.1172,43.3809,65.0691
18.1975,80.5458,91.0891,93.2779,43.2386,65.8502
18.2309,80.4233,90.9953,93.4904,43.6302,66.2764
18.2642,80.3197,90.8883,93.6366,44.3275,67.0174
18.2975,80.2476,90.7771,93.8080,45.1977,67.7473
18.3309,80.2414,90.6483,93.9696,46.1216,68.4084
18.3642,80.2964,90.4769,94.1334,46.7710,69.5995
18.3975,80.4091,90.2760,94.3187,47.4476,70.8694
18.4308,80.4741,90.1510,94.5674,47.8622,71.6179
18.4642,80.5431,90.0304,94.8538,48.2606,72.2994
18.4975,80.6224,89.8490,95.1391,48.6204,73.1898
18.5308,80.6416,89.6857,95.4485,48.8612,74.2533
18.5642,80.5469,89.5929,95.7752,49.0867,74.6757
18.5975,80.5360,89.5258,96.0703,48.9442,75.1194
18.6308,80.6430,89.5541,96.3238,49.2331,75.3746
18.6641,80.8192,89.5749,96.5844,49.3593,75.5961
18.6975,80.9217,89.5176,96.9272,49.0616,75.6600
18.7308,81.0534,89.4246,97.2271,49.0042,76.2700
18.7641,81.2400,89.2632,97.5234,49.0472,76.9077
18.7975,81.6906,88.7347,97.7288,47.8204,78.8702
18.8308,82.0649,88.6671,97.9063,46.4311,79.4782
18.8641,81.8667,88.5728,98.0559,46.0722,80.0666
18.8974,81.4723,88.3390,98.1197,45.9211,82.0019
18.9308,81.0558,88.0734,98.3925,45.4047,83.0126
18.9641,80.6544,87.8610,98.5611,44.8040,84.3866
18.9974,80.1823,87.8004,98.8939,43.8706,84.1853
19.0308,79.7401,87.8125,99.0939,42.8927,84.9554
19.0641,79.5274,87.9253,99.3092,41.2584,84.9398
19.0974,79.1832,88.0949,99.4781,39.9236,84.3051
19.1307,79.1655,88.1216,99.6016,38.3174,84.4112
19.1641,79.2371,88.1759,99.7587,36.7432,84.0011
19.1974,79.3228,88.2870,99.8705,35.1584,84.2662
19.2307,79.4498,88.4026,100.0176,33.3368,84.1502
19.2641,79.5849,88.5580,100.2541,31.2800,83.2671
19.2974,79.8640,88.7488,100.4849,28.9603,82.4147
19.3307,80.0168,89.0329,100.6602,26.5388,81.1335
19.3640,80.1780,89.3528,100.7717,23.9253,80.0052
19.3974,80.1639,89.7744,100.8335,21.3414,78.6033
19.4307,80.2736,90.2023,100.8736,18.5555,76.7935
19.4640,80.0990,90.4846,100.7176,16.6787,76.0978
19.4974,80.1801,90.4747,100.6081,14.7056,75.3751
19.5307,80.2546,90.5182,100.4731,12.8388,74.7116
19.5640,80.2415,90.5958,100.3351,11.2384,74.2087
19.5973,80.2297,90.6551,100.1906,9.9015,73.9743
19.6307,80.3154,90.6534,100.1690,8.5620,73.7254
19.6640,80.3779,90.6761,100.2050,6.8770,73.5727
19.6973,80.3778,90.6924,100.2904,5.2246,73.3766
19.7307,80.0321,90.5419,100.3010,4.0602,72.8895
19.7640,79.8302,90.7449,100.4116,2.5761,72.2552
19.7973,80.0301,90.8031,100.6179,0.8424,71.6641
19.8306,79.9154,91.1055,100.5661,359.1976,71.0856
19.8640,79.7498,91.0914,100.6139,357.5414,70.4301
19.8973,79.5664,91.1174,100.7347,355.9623,69.8843
19.9306,79.5276,91.1832,100.8596,354.5009,69.2038
19.9640,79.5430,91.2741,100.9824,352.9826,68.4791
19.9973,79.3684,91.3585,101.0533,351.8362,67.4189
20.0306,79.2595,91.5018,101.1280,350.3399,66.4652
20.0640,79.1957,91.6707,101.2250,348.5489,65.4058
20.0973,79.0809,91.8582,101.2777,346.7158,64.6560
20.1306,78.8966,92.1151,101.2528,345.0492,63.7859
20.1639,78.8953,92.3514,101.2363,343.4934,63.1340
20.1973,78.9697,92.5458,101.2165,341.8980,62.2574
20.2306,79.0862,92.7410,101.1941,340.3800,61.3084
20.2639,79.2492,92.9497,101.1361,339.0789,60.2453
20.2973,79.3745,93.0850,101.0818,337.9199,59.4187
20.3306,79.5883,93.1688,101.1036,336.7190,58.8241
20.3639,79.7556,93.2759,101.1604,335.5650,57.7603
20.3972,79.9032,93.3645,101.2504,334.5223,56.3787
20.4306,80.0264,93.4667,101.3169,333.6374,54.9513
20.4639,80.1021,93.5628,101.3748,332.8062,53.6568
20.4972,80.1413,93.6697,101.4628,332.1323,51.9707
20.5306,80.9290,93.2589,101.8282,331.5878,50.6895
20.5639,81.5094,92.9092,102.1624,330.9259,49.4463
20.5972,82.0398,92.5835,102.5001,330.1314,47.8981
20.6305,81.8900,92.6768,102.5770,329.0767,46.1900
20.6639,81.9900,92.5347,102.8316,328.1666,45.9792
20.6972,82.0725,92.4810,103.0280,327.1000,45.6662
20.7305,82.2102,92.4036,103.2872,325.9760,44.9016
20.7639,82.3856,92.3283,103.5026,324.8941,43.9105
20.7972,82.6557,92.2911,103.6277,323.7944,43.1926
20.8305,82.8130,92.4498,103.5782,322.5268,41.8807
20.8638,83.2208,92.2420,103.6653,321.5530,40.3311
20.8972,83.5242,92.0564,103.6740,320.5835,38.7717
20.9305,83.7829,91.9819,103.6360,319.5764,36.9690
20.9638,83.7146,92.3325,103.4395,318.8448,35.3481
20.9972,84.0106,92.0191,103.3541,318.2614,32.3634
21.0305,84.1948,91.8358,103.1946,317.3552,29.5338
21.0638,84.3941,91.7624,102.9411,316.3438,26.9663
21.0971,84.5967,91.6853,102.6441,314.9606,24.8547
21.1305,84.8465,91.6804,102.2374,313.6944,23.1269
21.1638,85.0647,91.7709,101.8007,312.4310,21.3506
21.1971,85.2531,91.8182,101.3849,311.2744,19.6130
21.2305,85.4348,91.8630,101.0082,310.1606,17.7753
21.2638,85.6638,91.8423,100.6915,308.9942,16.1193
21.2971,85.8749,91.8542,100.3688,307.7089,14.4186
21.3304,85.9859,91.8761,100.1222,306.3333,12.8456
21.3638,86.0734,91.8749,99.8800,304.9952,11.0294
21.3971,86.1321,91.8487,99.6209,303.5363,8.9751
21.4304,86.2607,91.9421,99.3826,302.0979,7.4165
21.4638,86.3504,92.0315,99.1446,300.5514,5.8451
21.4971,86.5050,92.0788,98.8865,299.0393,4.5556
21.5304,86.5492,92.1497,98.6039,297.3870,3.0187
21.5637,86.5412,92.3192,98.3189,295.8538,1.6212
21.5971,86.5411,92.4305,98.0398,294.2229,0.5694
21.6304,86.5213,92.6323,97.7049,292.6736,359.9541
21.6637,86.4750,92.7956,97.3044,290.9164,359.3822
21.6971,86.3669,92.9882,96.8270,288.9018,358.4756
21.7304,86.3447,93.0964,96.3828,287.0456,357.8480
21.7637,86.3405,93.2895,95.8945,285.3531,357.0269
21.7970,86.3834,93.4865,95.4211,283.9125,356.1468
21.8304,86.4243,93.6606,94.9581,282.7273,355.0963
21.8637,86.5668,93.8038,94.4890,281.7661,354.0052
21.8970,86.6787,93.9492,94.0555,280.9456,352.8993
21.9304,86.8355,94.0402,93.6759,280.2173,351.6875
21.9637,86.9497,94.1805,93.2637,279.3958,350.6349
21.9970,87.0841,94.3087,92.8361,278.6009,349.8456
22.0304,87.2953,94.4294,92.3608,277.8004,349.5255
22.0637,87.4667,94.8200,91.7004,276.3842,348.5483
22.0970,87.5921,95.2072,90.9466,275.0315,347.5496
22.1303,87.7519,95.3774,90.2962,274.3646,347.0075
22.1637,87.8596,95.6100,89.5686,273.7892,346.2579
22.1970,87.9533,95.9001,88.7293,273.1381,345.1809
22.2303,88.2201,96.4970,87.6565,271.8303,344.1194
22.2637,88.3207,97.2353,86.3629,270.4425,343.1070
22.2970,88.3082,98.0535,84.7835,269.0439,341.7912
22.3303,88.5430,98.6571,83.1561,267.8242,340.4872
22.3636,88.9533,98.9224,81.6850,267.1651,338.8063
22.3970,89.1430,99.4952,79.9519,266.0344,336.5717
22.4303,89.4042,100.1767,78.2143,264.8102,334.6618
22.4636,89.5935,100.9611,76.2389,263.5503,333.2852
22.4970,89.5455,101.9149,74.3806,262.2612,331.7341
22.5303,89.4267,102.9433,72.3657,260.8522,329.8551
22.5636,89.2204,104.0750,70.2290,259.6252,328.4084
22.5969,89.0034,105.2476,68.0370,258.4297,326.9050
22.6303,88.8312,106.0602,65.5252,257.2909,325.2880
22.6636,88.7664,107.0674,62.8777,256.0690,324.6134
22.6969,88.7309,107.9754,60.2385,255.2277,323.9098
22.7303,88.3572,108.6131,57.5936,254.4430,323.0491
22.7636,88.2855,109.1379,54.8365,253.8441,321.6138
22.7969,88.5306,109.6943,52.1820,253.5464,319.8680
22.8302,88.3891,110.0118,49.2639,253.2009,318.3809
22.8636,88.2640,110.4508,46.2572,253.3146,316.8842
22.8969,88.4859,111.0295,43.5951,253.6537,315.4476
22.9302,88.7103,111.3252,41.2929,253.6000,314.7005
22.9636,88.6181,111.8567,38.8094,253.6378,313.9622
22.9969,88.4568,112.4260,36.2465,253.7634,312.8614
23.0302,88.1446,113.3265,33.7599,253.7971,311.9001
23.0635,88.0319,114.0426,31.2243,253.8481,310.9613
23.0969,87.6972,115.0284,28.8204,254.0210,310.2857
23.1302,87.0196,116.4123,26.1054,254.9589,309.3255
23.1635,86.1712,117.7664,23.3713,255.6991,308.9854
23.1969,85.4264,119.0872,21.0447,256.7567,308.4814
23.2302,84.7960,120.1249,18.8627,257.8068,307.7067
23.2635,84.0219,121.2457,16.8574,258.8345,307.2341
23.2968,83.2584,122.3912,14.7445,259.7589,306.8335
23.3302,82.8298,123.7552,13.2317,259.7482,306.5683
23.3635,82.4064,125.3930,12.1824,259.9703,306.6294
23.3968,82.1894,126.9720,11.2117,260.3796,306.4733
23.4302,81.7650,128.8591,10.4294,260.5481,305.9643
23.4635,81.3303,130.6203,9.6071,260.8573,305.5042
23.4968,80.6371,132.5729,8.9363,261.1208,305.5179
23.5301,80.1136,134.3170,8.2559,261.7210,305.2863
23.5635,79.8262,135.5837,7.6057,262.5839,305.1728
23.5968,79.3502,136.8971,7.0796,263.3289,305.1197
23.6301,78.9415,138.0055,6.7048,264.0980,305.1866
23.6635,79.4808,138.8599,7.4942,265.2750,304.9782
23.6968,79.8375,139.5114,8.0479,266.2105,304.6431
23.7301,80.1148,140.0087,8.5648,267.1082,304.4326
23.7634,80.2444,140.4315,8.9266,267.9443,304.5381
23.7968,79.4829,140.3485,9.4942,267.9129,305.5873
23.8301,78.6083,140.1240,9.5619,267.8988,306.5841
23.8634,77.5447,140.2958,9.4268,267.8921,307.3977
23.8968,76.5815,140.9068,8.1497,268.8908,307.4468
23.9301,75.6865,141.6220,7.0049,269.9919,307.3785
23.9634,74.9086,142.2159,6.1025,270.8859,307.2464
23.9968,74.2464,142.7852,5.2841,271.8336,307.5633
24.0301,73.5753,143.1012,4.6354,272.5110,307.6397
24.0634,72.8063,143.7668,4.2715,273.5005,308.0740
24.0967,71.9033,144.5818,4.0658,274.2854,308.6451
24.1301,71.1655,145.4850,4.0956,275.2410,309.0243
24.1634,70.5155,146.1544,4.0676,276.2784,309.2335
24.1967,69.7774,146.6816,4.0899,277.1164,309.3077
24.2301,69.0226,146.7771,4.0153,277.7173,309.0773
24.2634,68.4905,146.7122,3.9081,278.3492,308.9312
24.2967,68.0561,146.4763,3.8153,278.9393,308.7396
24.3300,67.6400,145.9880,3.6483,279.4904,308.6548
24.3634,67.3152,145.5585,3.5495,280.0617,308.5439
24.3967,66.9324,145.1278,3.3921,280.7000,308.7056
24.4300,66.6037,144.8451,3.1371,281.5610,309.1313
24.4634,66.4301,144.6423,2.9829,282.6501,309.8227
24.4967,66.2336,144.5851,2.7042,283.9301,311.1543
24.5300,66.1410,144.4336,2.4882,285.2444,312.8913
24.5633,66.1182,144.2088,2.2773,286.2055,314.4165
24.5967,66.0339,144.2652,2.2251,286.6841,315.9445
24.6300,65.9705,144.7066,2.3466,286.9713,318.2607
24.6633,65.8336,145.1177,2.5562,286.7246,321.8303
24.6967,65.7134,145.5058,2.8727,285.9010,325.4357
24.7300,65.6440,145.9384,3.0874,284.4206,329.6524
24.7633,65.5676,145.8971,3.1617,282.3527,333.3341
24.7966,65.7472,145.7195,3.0356,280.1243,336.8104
24.8300,66.1101,145.4145,3.0495,278.0347,340.0454
24.8633,66.4062,145.1967,3.0918,276.2190,341.4761
24.8966,66.6672,144.8942,3.2164,274.6714,342.0454
24.9300,66.8636,144.3532,3.3208,273.4767,342.9562
24.9633,67.1807,143.5248,3.4166,272.5729,342.9505
24.9966,67.5352,142.5091,3.7345,271.9001,342.6671
25.0299,68.1888,141.4821,4.1798,271.7015,342.2942
25.0633,69.0078,140.3372,4.4091,271.6740,341.6648
25.0966,70.0203,139.2669,4.6033,272.1219,341.0352
25.1299,71.1816,138.1740,4.8001,272.7812,339.2762
25.1633,72.3019,137.1546,5.0385,273.2695,337.2328
25.1966,73.3791,136.1805,5.1461,274.2384,335.4619
25.2299,74.2255,135.5673,5.2325,275.3332,333.1919
25.2632,75.0683,134.6778,5.2830,276.4460,330.5962
25.2966,75.9104,133.8358,5.5575,277.9048,328.3551
25.3299,76.5836,133.1873,6.0230,279.3731,326.2283
25.3632,77.0963,132.7656,6.3341,280.8705,324.1117
25.3966,77.6152,132.2719,6.7316,282.6721,322.0751
25.4299,77.9944,131.7192,7.0938,284.3658,320.3834
25.4632,78.2915,131.4102,7.2750,286.0668,319.0474
25.4965,78.4890,131.3476,7.5097,287.5161,317.9236
25.5299,78.6636,131.2814,7.6587,288.7716,317.1217
25.5632,78.8547,131.1404,7.6337,289.8048,316.5264
25.5965,78.9871,131.0202,7.8257,290.4865,316.1294
25.6299,79.0811,130.9429,7.8630,291.1006,315.7159
25.6632,79.3225,130.6716,7.5818,291.6506,315.0501
25.6965,79.3404,130.4478,7.6204,291.8675,314.8168
25.7298,79.3197,129.9939,7.6675,291.9050,314.6184
25.7632,79.2744,129.4404,7.8870,291.8691,314.1739
25.7965,79.2231,128.9234,8.0780,291.6022,313.5893
25.8298,79.1944,128.2753,8.2981,291.0426,312.8659
25.8632,79.0227,127.6916,8.6684,290.0822,311.7682
25.8965,79.1489,127.1482,8.9826,288.9272,309.9729
25.9298,79.1644,126.4288,9.3622,287.4862,307.8586
25.9632,79.3777,125.5576,9.9767,285.7101,305.3286
25.9965,79.4913,124.7751,10.9297,283.4452,302.7097
26.0298,79.9247,123.8540,12.5734,280.8683,299.8903
26.0631,80.3252,122.7405,14.6324,278.2966,296.0339
26.0965,81.0518,121.6110,17.0816,275.2894,292.1477
26.1298,81.9038,119.7807,19.8300,271.9892,288.6063
26.1631,82.6050,118.0936,23.0992,268.7322,285.4417
26.1965,83.0930,116.4371,26.3536,265.4089,282.7075
26.2298,83.8153,114.8453,29.9461,262.8020,279.8266
26.2631,84.0549,113.4161,33.7456,260.3781,277.4082
26.2964,84.3439,111.9787,37.5746,258.6345,275.3804
26.3298,84.5061,110.5106,41.5645,257.2789,273.9180
26.3631,84.5338,109.1230,45.3368,256.2471,272.9506
26.3964,84.4466,107.7954,48.8139,255.4953,272.2817
26.4298,84.4891,106.4667,52.3536,255.2169,272.0283
26.4631,84.4182,105.0578,55.7013,255.1456,271.8911
26.4964,84.6756,103.4317,59.2300,255.7354,272.1963
26.5297,84.8012,101.8207,62.6508,256.5536,272.7316
26.5631,84.9711,100.4066,65.8568,257.8704,273.8405
26.5964,85.1904,99.0920,69.0076,259.6525,275.0714
26.6297,85.4056,97.8167,71.9780,261.5873,276.3928
26.6631,85.6890,96.4903,74.8881,263.7096,277.9289
26.6964,86.0726,95.2666,77.6284,265.6663,279.7495
26.7297,86.5166,94.1635,80.1654,267.7107,281.7646
26.7630,86.5601,93.3140,82.2897,269.4642,283.9935
26.7964,86.4214,92.7415,84.2109,271.1743,286.1694
26.8297,86.3693,92.3007,85.9181,272.7931,288.0162
26.8630,86.3706,91.9412,87.4841,274.3202,289.7790
26.8964,86.4248,91.6355,88.8443,275.7467,291.3587
26.9297,86.5285,91.3812,90.0878,277.0911,292.7587
26.9630,86.6493,91.2103,91.1387,278.1790,293.8237
26.9963,86.8023,91.0482,92.1457,279.0562,294.5866
27.0297,87.0416,90.8718,93.3567,280.1050,294.8496
27.0630,87.1083,90.7379,94.2898,280.6920,295.1530
27.0963,87.1571,90.6224,95.1442,280.9907,295.2598
27.1297,87.2083,90.5287,95.8929,281.0913,295.2877
27.1630,87.1953,90.4941,96.5619,281.1649,294.9803
27.1963,87.0911,90.5586,97.0744,281.1354,294.7668
27.2296,86.9677,90.5082,97.5097,281.1088,294.4504
27.2630,86.7431,90.5697,97.7793,281.0783,294.0240
27.2963,86.5053,90.4484,97.9906,280.9367,293.3127
